[
{
  "pk": 1, 
  "model": "contenttypes.contenttype", 
  "fields": {
    "model": "permission", 
    "name": "permission", 
    "app_label": "auth"
  }
},
{
  "pk": 2, 
  "model": "contenttypes.contenttype", 
  "fields": {
    "model": "group", 
    "name": "group", 
    "app_label": "auth"
  }
},
{
  "pk": 3, 
  "model": "contenttypes.contenttype", 
  "fields": {
    "model": "user", 
    "name": "user", 
    "app_label": "auth"
  }
},
{
  "pk": 4, 
  "model": "contenttypes.contenttype", 
  "fields": {
    "model": "contenttype", 
    "name": "content type", 
    "app_label": "contenttypes"
  }
},
{
  "pk": 5, 
  "model": "contenttypes.contenttype", 
  "fields": {
    "model": "session", 
    "name": "session", 
    "app_label": "sessions"
  }
},
{
  "pk": 6, 
  "model": "contenttypes.contenttype", 
  "fields": {
    "model": "site", 
    "name": "site", 
    "app_label": "sites"
  }
},
{
  "pk": 7, 
  "model": "contenttypes.contenttype", 
  "fields": {
    "model": "family", 
    "name": "family", 
    "app_label": "pack"
  }
},
{
  "pk": 8, 
  "model": "contenttypes.contenttype", 
  "fields": {
    "model": "familymember", 
    "name": "family member", 
    "app_label": "pack"
  }
},
{
  "pk": 9, 
  "model": "contenttypes.contenttype", 
  "fields": {
    "model": "schedule", 
    "name": "schedule", 
    "app_label": "pack"
  }
},
{
  "pk": 10, 
  "model": "contenttypes.contenttype", 
  "fields": {
    "model": "familyscheduledetails", 
    "name": "family schedule details", 
    "app_label": "pack"
  }
},
{
  "pk": 11, 
  "model": "contenttypes.contenttype", 
  "fields": {
    "model": "event", 
    "name": "event", 
    "app_label": "pack"
  }
},
{
  "pk": 12, 
  "model": "contenttypes.contenttype", 
  "fields": {
    "model": "familyeventdetails", 
    "name": "family event details", 
    "app_label": "pack"
  }
},
{
  "pk": 13, 
  "model": "contenttypes.contenttype", 
  "fields": {
    "model": "logentry", 
    "name": "log entry", 
    "app_label": "admin"
  }
},
{
  "pk": 14, 
  "model": "contenttypes.contenttype", 
  "fields": {
    "model": "migrationhistory", 
    "name": "migration history", 
    "app_label": "south"
  }
},
{
  "pk": 15, 
  "model": "contenttypes.contenttype", 
  "fields": {
    "model": "child", 
    "name": "child", 
    "app_label": "pack"
  }
},
{
  "pk": 16, 
  "model": "contenttypes.contenttype", 
  "fields": {
    "model": "message", 
    "name": "message", 
    "app_label": "pack"
  }
},
{
  "pk": "05dnx09kmz5iawu73541tqw7xp5vvkjf", 
  "model": "sessions.session", 
  "fields": {
    "expire_date": "2013-05-17T02:05:47.716Z", 
    "session_data": "ZjhkMGM0MGUxMmYyNzYzZWY0MzZjNzllYjg2NTI1MDI0ZmMxYTMzMTqAAn1xAShVDV9hdXRoX3VzZXJfaWRxAksHVRJfYXV0aF91c2VyX2JhY2tlbmRxA1UpZGphbmdvLmNvbnRyaWIuYXV0aC5iYWNrZW5kcy5Nb2RlbEJhY2tlbmRxBHUu"
  }
},
{
  "pk": "0z7hxwgqx3h5595kril5dkzybche7lw2", 
  "model": "sessions.session", 
  "fields": {
    "expire_date": "2013-05-22T11:08:07.111Z", 
    "session_data": "MDlhODQzMDJhZmM5OGRjMmVjNGU5M2RlODRhY2ExOTM0YTYxMDlhODqAAn1xAShVEl9hdXRoX3VzZXJfYmFja2VuZHECVSlkamFuZ28uY29udHJpYi5hdXRoLmJhY2tlbmRzLk1vZGVsQmFja2VuZHEDVQ1fYXV0aF91c2VyX2lkcQRLAnUu"
  }
},
{
  "pk": "361525c23e24ae5df11f456061480c6a", 
  "model": "sessions.session", 
  "fields": {
    "expire_date": "2013-05-22T11:46:58.981Z", 
    "session_data": "MDlhODQzMDJhZmM5OGRjMmVjNGU5M2RlODRhY2ExOTM0YTYxMDlhODqAAn1xAShVEl9hdXRoX3Vz\nZXJfYmFja2VuZHECVSlkamFuZ28uY29udHJpYi5hdXRoLmJhY2tlbmRzLk1vZGVsQmFja2VuZHED\nVQ1fYXV0aF91c2VyX2lkcQRLAnUu\n"
  }
},
{
  "pk": "4m7iqta5eh9jk9t51lamvvebfv34lm8m", 
  "model": "sessions.session", 
  "fields": {
    "expire_date": "2013-05-22T11:28:27.991Z", 
    "session_data": "MDlhODQzMDJhZmM5OGRjMmVjNGU5M2RlODRhY2ExOTM0YTYxMDlhODqAAn1xAShVEl9hdXRoX3VzZXJfYmFja2VuZHECVSlkamFuZ28uY29udHJpYi5hdXRoLmJhY2tlbmRzLk1vZGVsQmFja2VuZHEDVQ1fYXV0aF91c2VyX2lkcQRLAnUu"
  }
},
{
  "pk": "6g1zf7u0jilsfgsvv8l76d2anmbd3y1h", 
  "model": "sessions.session", 
  "fields": {
    "expire_date": "2013-05-19T23:41:10.069Z", 
    "session_data": "MDc2OTcxNzE3Yjg1MzVhNDhhNWYwMWIzNTNiYzdiNTczZGE2YWUwZTqAAn1xAVgKAAAAdGVzdGNvb2tpZXECWAYAAAB3b3JrZWRxA3Mu"
  }
},
{
  "pk": "8a287f97f5893a2abb1f36018131cb9c", 
  "model": "sessions.session", 
  "fields": {
    "expire_date": "2013-05-20T01:22:44.569Z", 
    "session_data": "MGM2YjFiYTY3NTNlM2E2ZGY4OTY5NDU1NzNlZmY0ZDA1NzljODI3NDqAAn1xAShVEl9hdXRoX3Vz\nZXJfYmFja2VuZHECVSlkamFuZ28uY29udHJpYi5hdXRoLmJhY2tlbmRzLk1vZGVsQmFja2VuZHED\nVQ1fYXV0aF91c2VyX2lkcQRLCHUu\n"
  }
},
{
  "pk": "c1qf3s78cnwr9dz1g8eezly872d2fcmu", 
  "model": "sessions.session", 
  "fields": {
    "expire_date": "2013-05-17T16:22:31.556Z", 
    "session_data": "ZjQ1NTFlMDRhYmM3OTJjY2YxZmMwNTJmZWQyN2ZkYzg4MDQ4NjRlMjqAAn1xAShVEl9hdXRoX3VzZXJfYmFja2VuZHECVSlkamFuZ28uY29udHJpYi5hdXRoLmJhY2tlbmRzLk1vZGVsQmFja2VuZHEDVQ1fYXV0aF91c2VyX2lkcQRLAXUu"
  }
},
{
  "pk": "f9qk7sogaezc8me3op9yr9xa3y9dz34y", 
  "model": "sessions.session", 
  "fields": {
    "expire_date": "2013-05-22T08:40:26.347Z", 
    "session_data": "MDc2OTcxNzE3Yjg1MzVhNDhhNWYwMWIzNTNiYzdiNTczZGE2YWUwZTqAAn1xAVgKAAAAdGVzdGNvb2tpZXECWAYAAAB3b3JrZWRxA3Mu"
  }
},
{
  "pk": "h7ghimhter1vprpdpzw03fhtvylj0vdj", 
  "model": "sessions.session", 
  "fields": {
    "expire_date": "2013-05-22T10:59:58.259Z", 
    "session_data": "NTYwYTJjM2IyODVhOTQ4NzQyYTVkMzQxNmZkZTVkZGE1MzM5YmM5NjqAAn1xAVgKAAAAdGVzdGNvb2tpZVgGAAAAd29ya2VkcQJzLg=="
  }
},
{
  "pk": "mayvkqt8hsez2pi8cwv8wb23g6hxv2f3", 
  "model": "sessions.session", 
  "fields": {
    "expire_date": "2013-05-22T07:44:28.836Z", 
    "session_data": "YjRiOTNmN2IxOGNjZTFkYjFiNmJmN2IyNDdlMTg1NDM3Njc3YjJjYjqAAn1xAShVEl9hdXRoX3VzZXJfYmFja2VuZHECVSlkamFuZ28uY29udHJpYi5hdXRoLmJhY2tlbmRzLk1vZGVsQmFja2VuZHEDVQ1fYXV0aF91c2VyX2lkcQRLCnUu"
  }
},
{
  "pk": "ouxut5ze2an3yasmdf0s9nbtuxikeb8h", 
  "model": "sessions.session", 
  "fields": {
    "expire_date": "2013-05-22T02:19:38.559Z", 
    "session_data": "MDlhODQzMDJhZmM5OGRjMmVjNGU5M2RlODRhY2ExOTM0YTYxMDlhODqAAn1xAShVEl9hdXRoX3VzZXJfYmFja2VuZHECVSlkamFuZ28uY29udHJpYi5hdXRoLmJhY2tlbmRzLk1vZGVsQmFja2VuZHEDVQ1fYXV0aF91c2VyX2lkcQRLAnUu"
  }
},
{
  "pk": "rvqokcrd76w8tuwese91yd7qdi20q403", 
  "model": "sessions.session", 
  "fields": {
    "expire_date": "2013-05-20T17:35:15.371Z", 
    "session_data": "YjRiOTNmN2IxOGNjZTFkYjFiNmJmN2IyNDdlMTg1NDM3Njc3YjJjYjqAAn1xAShVEl9hdXRoX3VzZXJfYmFja2VuZHECVSlkamFuZ28uY29udHJpYi5hdXRoLmJhY2tlbmRzLk1vZGVsQmFja2VuZHEDVQ1fYXV0aF91c2VyX2lkcQRLCnUu"
  }
},
{
  "pk": 1, 
  "model": "sites.site", 
  "fields": {
    "domain": "example.com", 
    "name": "example.com"
  }
},
{
  "pk": 1, 
  "model": "pack.family", 
  "fields": {
    "phone_number": 2286824, 
    "address_city": "Prospect", 
    "last_name": "Thompson", 
    "contacts": [
      5, 
      1001
    ], 
    "address_zip_code": 40059, 
    "address_state": "KY", 
    "address_line_2": "Best Home Ever", 
    "address_line_1": "6611 Harrods View Circle"
  }
},
{
  "pk": 2, 
  "model": "pack.family", 
  "fields": {
    "phone_number": 161, 
    "address_city": "San Salvador", 
    "last_name": "Munoz", 
    "contacts": [
      5
    ], 
    "address_zip_code": 25, 
    "address_state": "El Salvador", 
    "address_line_2": "Adentro", 
    "address_line_1": "666 El Diablo Calle"
  }
},
{
  "pk": 3, 
  "model": "pack.family", 
  "fields": {
    "phone_number": 6405, 
    "address_city": "Atlantic City", 
    "last_name": "Moran", 
    "contacts": [
      5
    ], 
    "address_zip_code": 1, 
    "address_state": "New Jersey", 
    "address_line_2": "Armpit", 
    "address_line_1": "478 Peaceful Dr"
  }
},
{
  "pk": 4, 
  "model": "pack.family", 
  "fields": {
    "phone_number": 456, 
    "address_city": "Los Angeles", 
    "last_name": "Vogel", 
    "contacts": [
      5
    ], 
    "address_zip_code": 12345, 
    "address_state": "CA", 
    "address_line_2": "Hippie Lane", 
    "address_line_1": "123 Sunnyside Dr"
  }
},
{
  "pk": 5, 
  "model": "pack.family", 
  "fields": {
    "phone_number": 555, 
    "address_city": "Boston", 
    "last_name": "Smith", 
    "contacts": [
      1000, 
      4, 
      2, 
      1, 
      3
    ], 
    "address_zip_code": 2215, 
    "address_state": "Massachusetts", 
    "address_line_2": "line 2", 
    "address_line_1": "528 Beacon St"
  }
},
{
  "pk": 1000, 
  "model": "pack.family", 
  "fields": {
    "phone_number": 556, 
    "address_city": "Boston", 
    "last_name": "Doe", 
    "contacts": [
      5
    ], 
    "address_zip_code": 2139, 
    "address_state": "Massachusetts", 
    "address_line_2": "line2", 
    "address_line_1": "526 Beacon St"
  }
},
{
  "pk": 1001, 
  "model": "pack.family", 
  "fields": {
    "phone_number": 0, 
    "address_city": "Boston", 
    "last_name": "Blank", 
    "contacts": [
      1
    ], 
    "address_zip_code": 2215, 
    "address_state": "MA", 
    "address_line_2": "2", 
    "address_line_1": "528 Beacon St"
  }
},
{
  "pk": 1, 
  "model": "pack.child", 
  "fields": {
    "first_name": "Andy", 
    "is_driver": false, 
    "family": 5
  }
},
{
  "pk": 2, 
  "model": "pack.child", 
  "fields": {
    "first_name": "Barry", 
    "is_driver": false, 
    "family": 5
  }
},
{
  "pk": 3, 
  "model": "pack.child", 
  "fields": {
    "first_name": "Christine", 
    "is_driver": false, 
    "family": 5
  }
},
{
  "pk": 5, 
  "model": "pack.child", 
  "fields": {
    "first_name": "Alex", 
    "is_driver": false, 
    "family": 1000
  }
},
{
  "pk": 6, 
  "model": "pack.child", 
  "fields": {
    "first_name": "Meredith", 
    "is_driver": true, 
    "family": 1000
  }
},
{
  "pk": 7, 
  "model": "pack.child", 
  "fields": {
    "first_name": "April", 
    "is_driver": false, 
    "family": 1
  }
},
{
  "pk": 8, 
  "model": "pack.child", 
  "fields": {
    "first_name": "Jason", 
    "is_driver": false, 
    "family": 1
  }
},
{
  "pk": 9, 
  "model": "pack.child", 
  "fields": {
    "first_name": "Jared", 
    "is_driver": false, 
    "family": 1
  }
},
{
  "pk": 10, 
  "model": "pack.child", 
  "fields": {
    "first_name": "Sarah", 
    "is_driver": true, 
    "family": 4
  }
},
{
  "pk": 11, 
  "model": "pack.child", 
  "fields": {
    "first_name": "Alex", 
    "is_driver": true, 
    "family": 3
  }
},
{
  "pk": 12, 
  "model": "pack.child", 
  "fields": {
    "first_name": "Thad", 
    "is_driver": false, 
    "family": 3
  }
},
{
  "pk": 13, 
  "model": "pack.child", 
  "fields": {
    "first_name": "Juan", 
    "is_driver": false, 
    "family": 2
  }
},
{
  "pk": 14, 
  "model": "pack.child", 
  "fields": {
    "first_name": "Jorge", 
    "is_driver": false, 
    "family": 2
  }
},
{
  "pk": 15, 
  "model": "pack.child", 
  "fields": {
    "first_name": "Pedro", 
    "is_driver": false, 
    "family": 2
  }
},
{
  "pk": 16, 
  "model": "pack.child", 
  "fields": {
    "first_name": "Jess", 
    "is_driver": false, 
    "family": 4
  }
},
{
  "pk": 17, 
  "model": "pack.child", 
  "fields": {
    "first_name": "Lauren", 
    "is_driver": false, 
    "family": 4
  }
},
{
  "pk": 1, 
  "model": "pack.message", 
  "fields": {
    "sender": 5, 
    "time_sent": "2013-05-08T08:11:41Z", 
    "receiver": 1000, 
    "in_inbox": true, 
    "message": "Can you help us drive Christine to Daisy's Birthday Party next Saturday?", 
    "subject": "Help Driving to Daisy's Bday Party"
  }
},
{
  "pk": 2, 
  "model": "pack.message", 
  "fields": {
    "sender": 1000, 
    "time_sent": "2013-05-08T08:20:45Z", 
    "receiver": 5, 
    "in_inbox": true, 
    "message": "Sure, we can help you out", 
    "subject": "Re: Help Driving to Daisy's Bday Party"
  }
},
{
  "pk": 1, 
  "model": "auth.permission", 
  "fields": {
    "codename": "add_permission", 
    "name": "Can add permission", 
    "content_type": 1
  }
},
{
  "pk": 2, 
  "model": "auth.permission", 
  "fields": {
    "codename": "change_permission", 
    "name": "Can change permission", 
    "content_type": 1
  }
},
{
  "pk": 3, 
  "model": "auth.permission", 
  "fields": {
    "codename": "delete_permission", 
    "name": "Can delete permission", 
    "content_type": 1
  }
},
{
  "pk": 4, 
  "model": "auth.permission", 
  "fields": {
    "codename": "add_group", 
    "name": "Can add group", 
    "content_type": 2
  }
},
{
  "pk": 5, 
  "model": "auth.permission", 
  "fields": {
    "codename": "change_group", 
    "name": "Can change group", 
    "content_type": 2
  }
},
{
  "pk": 6, 
  "model": "auth.permission", 
  "fields": {
    "codename": "delete_group", 
    "name": "Can delete group", 
    "content_type": 2
  }
},
{
  "pk": 7, 
  "model": "auth.permission", 
  "fields": {
    "codename": "add_user", 
    "name": "Can add user", 
    "content_type": 3
  }
},
{
  "pk": 8, 
  "model": "auth.permission", 
  "fields": {
    "codename": "change_user", 
    "name": "Can change user", 
    "content_type": 3
  }
},
{
  "pk": 9, 
  "model": "auth.permission", 
  "fields": {
    "codename": "delete_user", 
    "name": "Can delete user", 
    "content_type": 3
  }
},
{
  "pk": 10, 
  "model": "auth.permission", 
  "fields": {
    "codename": "add_contenttype", 
    "name": "Can add content type", 
    "content_type": 4
  }
},
{
  "pk": 11, 
  "model": "auth.permission", 
  "fields": {
    "codename": "change_contenttype", 
    "name": "Can change content type", 
    "content_type": 4
  }
},
{
  "pk": 12, 
  "model": "auth.permission", 
  "fields": {
    "codename": "delete_contenttype", 
    "name": "Can delete content type", 
    "content_type": 4
  }
},
{
  "pk": 13, 
  "model": "auth.permission", 
  "fields": {
    "codename": "add_session", 
    "name": "Can add session", 
    "content_type": 5
  }
},
{
  "pk": 14, 
  "model": "auth.permission", 
  "fields": {
    "codename": "change_session", 
    "name": "Can change session", 
    "content_type": 5
  }
},
{
  "pk": 15, 
  "model": "auth.permission", 
  "fields": {
    "codename": "delete_session", 
    "name": "Can delete session", 
    "content_type": 5
  }
},
{
  "pk": 16, 
  "model": "auth.permission", 
  "fields": {
    "codename": "add_site", 
    "name": "Can add site", 
    "content_type": 6
  }
},
{
  "pk": 17, 
  "model": "auth.permission", 
  "fields": {
    "codename": "change_site", 
    "name": "Can change site", 
    "content_type": 6
  }
},
{
  "pk": 18, 
  "model": "auth.permission", 
  "fields": {
    "codename": "delete_site", 
    "name": "Can delete site", 
    "content_type": 6
  }
},
{
  "pk": 19, 
  "model": "auth.permission", 
  "fields": {
    "codename": "add_family", 
    "name": "Can add family", 
    "content_type": 7
  }
},
{
  "pk": 20, 
  "model": "auth.permission", 
  "fields": {
    "codename": "change_family", 
    "name": "Can change family", 
    "content_type": 7
  }
},
{
  "pk": 21, 
  "model": "auth.permission", 
  "fields": {
    "codename": "delete_family", 
    "name": "Can delete family", 
    "content_type": 7
  }
},
{
  "pk": 22, 
  "model": "auth.permission", 
  "fields": {
    "codename": "add_familymember", 
    "name": "Can add family member", 
    "content_type": 8
  }
},
{
  "pk": 23, 
  "model": "auth.permission", 
  "fields": {
    "codename": "change_familymember", 
    "name": "Can change family member", 
    "content_type": 8
  }
},
{
  "pk": 24, 
  "model": "auth.permission", 
  "fields": {
    "codename": "delete_familymember", 
    "name": "Can delete family member", 
    "content_type": 8
  }
},
{
  "pk": 25, 
  "model": "auth.permission", 
  "fields": {
    "codename": "add_schedule", 
    "name": "Can add schedule", 
    "content_type": 9
  }
},
{
  "pk": 26, 
  "model": "auth.permission", 
  "fields": {
    "codename": "change_schedule", 
    "name": "Can change schedule", 
    "content_type": 9
  }
},
{
  "pk": 27, 
  "model": "auth.permission", 
  "fields": {
    "codename": "delete_schedule", 
    "name": "Can delete schedule", 
    "content_type": 9
  }
},
{
  "pk": 28, 
  "model": "auth.permission", 
  "fields": {
    "codename": "add_familyscheduledetails", 
    "name": "Can add family schedule details", 
    "content_type": 10
  }
},
{
  "pk": 29, 
  "model": "auth.permission", 
  "fields": {
    "codename": "change_familyscheduledetails", 
    "name": "Can change family schedule details", 
    "content_type": 10
  }
},
{
  "pk": 30, 
  "model": "auth.permission", 
  "fields": {
    "codename": "delete_familyscheduledetails", 
    "name": "Can delete family schedule details", 
    "content_type": 10
  }
},
{
  "pk": 31, 
  "model": "auth.permission", 
  "fields": {
    "codename": "add_event", 
    "name": "Can add event", 
    "content_type": 11
  }
},
{
  "pk": 32, 
  "model": "auth.permission", 
  "fields": {
    "codename": "change_event", 
    "name": "Can change event", 
    "content_type": 11
  }
},
{
  "pk": 33, 
  "model": "auth.permission", 
  "fields": {
    "codename": "delete_event", 
    "name": "Can delete event", 
    "content_type": 11
  }
},
{
  "pk": 34, 
  "model": "auth.permission", 
  "fields": {
    "codename": "add_familyeventdetails", 
    "name": "Can add family event details", 
    "content_type": 12
  }
},
{
  "pk": 35, 
  "model": "auth.permission", 
  "fields": {
    "codename": "change_familyeventdetails", 
    "name": "Can change family event details", 
    "content_type": 12
  }
},
{
  "pk": 36, 
  "model": "auth.permission", 
  "fields": {
    "codename": "delete_familyeventdetails", 
    "name": "Can delete family event details", 
    "content_type": 12
  }
},
{
  "pk": 37, 
  "model": "auth.permission", 
  "fields": {
    "codename": "add_logentry", 
    "name": "Can add log entry", 
    "content_type": 13
  }
},
{
  "pk": 38, 
  "model": "auth.permission", 
  "fields": {
    "codename": "change_logentry", 
    "name": "Can change log entry", 
    "content_type": 13
  }
},
{
  "pk": 39, 
  "model": "auth.permission", 
  "fields": {
    "codename": "delete_logentry", 
    "name": "Can delete log entry", 
    "content_type": 13
  }
},
{
  "pk": 40, 
  "model": "auth.permission", 
  "fields": {
    "codename": "add_migrationhistory", 
    "name": "Can add migration history", 
    "content_type": 14
  }
},
{
  "pk": 41, 
  "model": "auth.permission", 
  "fields": {
    "codename": "change_migrationhistory", 
    "name": "Can change migration history", 
    "content_type": 14
  }
},
{
  "pk": 42, 
  "model": "auth.permission", 
  "fields": {
    "codename": "delete_migrationhistory", 
    "name": "Can delete migration history", 
    "content_type": 14
  }
},
{
  "pk": 43, 
  "model": "auth.permission", 
  "fields": {
    "codename": "add_child", 
    "name": "Can add child", 
    "content_type": 15
  }
},
{
  "pk": 44, 
  "model": "auth.permission", 
  "fields": {
    "codename": "change_child", 
    "name": "Can change child", 
    "content_type": 15
  }
},
{
  "pk": 45, 
  "model": "auth.permission", 
  "fields": {
    "codename": "delete_child", 
    "name": "Can delete child", 
    "content_type": 15
  }
},
{
  "pk": 46, 
  "model": "auth.permission", 
  "fields": {
    "codename": "add_message", 
    "name": "Can add message", 
    "content_type": 16
  }
},
{
  "pk": 47, 
  "model": "auth.permission", 
  "fields": {
    "codename": "change_message", 
    "name": "Can change message", 
    "content_type": 16
  }
},
{
  "pk": 48, 
  "model": "auth.permission", 
  "fields": {
    "codename": "delete_message", 
    "name": "Can delete message", 
    "content_type": 16
  }
},
{
  "pk": 1, 
  "model": "auth.user", 
  "fields": {
    "username": "preston", 
    "first_name": "", 
    "last_name": "", 
    "is_active": true, 
    "is_superuser": true, 
    "is_staff": true, 
    "last_login": "2013-05-08T11:07:28.143Z", 
    "groups": [], 
    "user_permissions": [], 
    "password": "pbkdf2_sha256$10000$VKj5eHLQBox7$OsOZORmqd5NSQIb4ajaevBCfdv+nbqCwgrRcaUtyg1g=", 
    "email": "pwrtsoccer@gmail.com", 
    "date_joined": "2013-05-01T19:38:11.838Z"
  }
},
{
  "pk": 2, 
  "model": "auth.user", 
  "fields": {
    "username": "mary", 
    "first_name": "Mary", 
    "last_name": "Smith", 
    "is_active": true, 
    "is_superuser": false, 
    "is_staff": false, 
    "last_login": "2013-05-08T11:46:58.919Z", 
    "groups": [], 
    "user_permissions": [], 
    "password": "pbkdf2_sha256$10000$xWdORTxJfPNG$QjDKvTtTbTikNeSJqP9rfnMkEd1IsAyihoND200IsUs=", 
    "email": "marysmith@example.com", 
    "date_joined": "2013-05-03T01:20:02Z"
  }
},
{
  "pk": 3, 
  "model": "auth.user", 
  "fields": {
    "username": "nick", 
    "first_name": "Nick", 
    "last_name": "Smith", 
    "is_active": true, 
    "is_superuser": false, 
    "is_staff": false, 
    "last_login": "2013-05-03T01:20:55Z", 
    "groups": [], 
    "user_permissions": [], 
    "password": "pbkdf2_sha256$10000$o3k7daIwxEbO$VahmL4dXuUuFIqv/BJmXMfMcZUpyxeuslyQ9/0JmGeA=", 
    "email": "nicksmith@example.com", 
    "date_joined": "2013-05-03T01:20:55Z"
  }
},
{
  "pk": 7, 
  "model": "auth.user", 
  "fields": {
    "username": "andrew", 
    "first_name": "Andrew", 
    "last_name": "Moran", 
    "is_active": true, 
    "is_superuser": true, 
    "is_staff": true, 
    "last_login": "2013-05-08T11:27:14.900Z", 
    "groups": [], 
    "user_permissions": [], 
    "password": "pbkdf2_sha256$10000$oFVPFnXIiGVc$9+koWlr1HaYNIMDhpYHVK1fSoDkDHUlwYsnYIDgNmrg=", 
    "email": "", 
    "date_joined": "2013-05-03T01:30:58Z"
  }
},
{
  "pk": 8, 
  "model": "auth.user", 
  "fields": {
    "username": "ari", 
    "first_name": "Ari", 
    "last_name": "Vogel", 
    "is_active": true, 
    "is_superuser": true, 
    "is_staff": true, 
    "last_login": "2013-05-06T01:22:44.511Z", 
    "groups": [], 
    "user_permissions": [], 
    "password": "pbkdf2_sha256$10000$gNsDAg9oqbi4$pXwU2rRQSCJS0FO01Ar1LgYcHtqfe1GzfuFH/56y+Ow=", 
    "email": "", 
    "date_joined": "2013-05-03T01:47:00Z"
  }
},
{
  "pk": 9, 
  "model": "auth.user", 
  "fields": {
    "username": "blank", 
    "first_name": "", 
    "last_name": "", 
    "is_active": true, 
    "is_superuser": false, 
    "is_staff": false, 
    "last_login": "2013-05-03T02:04:26.072Z", 
    "groups": [], 
    "user_permissions": [], 
    "password": "pbkdf2_sha256$10000$GFC2tZuP5b3b$qwGUuhV003B+HPPmpLX7tJJjIm4X45Ilx5cmhVbSM8s=", 
    "email": "", 
    "date_joined": "2013-05-03T02:04:26.072Z"
  }
},
{
  "pk": 10, 
  "model": "auth.user", 
  "fields": {
    "username": "rodrigo", 
    "first_name": "Rodrigo", 
    "last_name": "Munoz", 
    "is_active": true, 
    "is_superuser": true, 
    "is_staff": true, 
    "last_login": "2013-05-08T07:44:28.784Z", 
    "groups": [], 
    "user_permissions": [], 
    "password": "pbkdf2_sha256$10000$tZ4FOQvcCa6l$xrIkuaqNtUnoGUl2F0NRQBXisebZClC1/msdARjSjs8=", 
    "email": "", 
    "date_joined": "2013-05-03T16:23:34Z"
  }
},
{
  "pk": 11, 
  "model": "auth.user", 
  "fields": {
    "username": "maddie", 
    "first_name": "", 
    "last_name": "", 
    "is_active": true, 
    "is_superuser": false, 
    "is_staff": false, 
    "last_login": "2013-05-08T06:37:31.930Z", 
    "groups": [], 
    "user_permissions": [], 
    "password": "pbkdf2_sha256$10000$Lk83FBK28Pka$fAvbGcftXYCzVBdHwG8aAb6EFYJRdhg2lqTyqGbT/W4=", 
    "email": "", 
    "date_joined": "2013-05-08T06:37:31.930Z"
  }
},
{
  "pk": 12, 
  "model": "auth.user", 
  "fields": {
    "username": "karen", 
    "first_name": "", 
    "last_name": "", 
    "is_active": true, 
    "is_superuser": false, 
    "is_staff": false, 
    "last_login": "2013-05-08T06:38:02.291Z", 
    "groups": [], 
    "user_permissions": [], 
    "password": "pbkdf2_sha256$10000$CUrMGGIAyd5K$T5gQmUtCrWRNRflClnf5oN7ES1aCO6R2K2qQiau2rwo=", 
    "email": "", 
    "date_joined": "2013-05-08T06:38:02.291Z"
  }
},
{
  "pk": 13, 
  "model": "auth.user", 
  "fields": {
    "username": "alice", 
    "first_name": "", 
    "last_name": "", 
    "is_active": true, 
    "is_superuser": false, 
    "is_staff": false, 
    "last_login": "2013-05-08T06:38:33.592Z", 
    "groups": [], 
    "user_permissions": [], 
    "password": "pbkdf2_sha256$10000$CIVP7IR2TvMK$hPAv11hVHr8TqFozay1EhyhaqngziUtJSxHOGtwyC3I=", 
    "email": "", 
    "date_joined": "2013-05-08T06:38:33.592Z"
  }
},
{
  "pk": 14, 
  "model": "auth.user", 
  "fields": {
    "username": "rachel", 
    "first_name": "", 
    "last_name": "", 
    "is_active": true, 
    "is_superuser": false, 
    "is_staff": false, 
    "last_login": "2013-05-08T06:39:09.011Z", 
    "groups": [], 
    "user_permissions": [], 
    "password": "pbkdf2_sha256$10000$CDDpf1mWDHTU$PXiRqm/CmuelTib2usTInCl8akF4+1TBfq4b0qbiaDw=", 
    "email": "", 
    "date_joined": "2013-05-08T06:39:09.011Z"
  }
},
{
  "pk": 15, 
  "model": "auth.user", 
  "fields": {
    "username": "john", 
    "first_name": "", 
    "last_name": "", 
    "is_active": true, 
    "is_superuser": false, 
    "is_staff": false, 
    "last_login": "2013-05-08T06:40:11.320Z", 
    "groups": [], 
    "user_permissions": [], 
    "password": "pbkdf2_sha256$10000$IB9cQT1rKsWR$KhAv15QmwEJz/krPSwFefAWpdOQ4+003nVEadJj0/lY=", 
    "email": "", 
    "date_joined": "2013-05-08T06:40:11.320Z"
  }
},
{
  "pk": 16, 
  "model": "auth.user", 
  "fields": {
    "username": "jane", 
    "first_name": "", 
    "last_name": "", 
    "is_active": true, 
    "is_superuser": false, 
    "is_staff": false, 
    "last_login": "2013-05-08T07:22:09.704Z", 
    "groups": [], 
    "user_permissions": [], 
    "password": "pbkdf2_sha256$10000$HdOttj1sediC$8GSy7YvtOscZANf7JiTxZCCJtxon3BHgB6V9yJ9rcLg=", 
    "email": "", 
    "date_joined": "2013-05-08T06:40:28.900Z"
  }
},
{
  "pk": 1, 
  "model": "pack.familymember", 
  "fields": {
    "first_name": "Preston", 
    "last_name": "Thompson", 
    "family": 1, 
    "timestamp": "2013-05-08T06:28:06Z", 
    "is_driver": true, 
    "is_adult": true, 
    "date_of_birth": "2013-05-08", 
    "user": 1
  }
},
{
  "pk": 2, 
  "model": "pack.familymember", 
  "fields": {
    "first_name": "Mary", 
    "last_name": "Smith", 
    "family": 5, 
    "timestamp": "2013-05-08T06:28:37Z", 
    "is_driver": true, 
    "is_adult": true, 
    "date_of_birth": "2013-05-08", 
    "user": 2
  }
},
{
  "pk": 3, 
  "model": "pack.familymember", 
  "fields": {
    "first_name": "Nick", 
    "last_name": "Smith", 
    "family": 5, 
    "timestamp": "2013-05-08T06:28:56Z", 
    "is_driver": true, 
    "is_adult": true, 
    "date_of_birth": "2013-05-08", 
    "user": 3
  }
},
{
  "pk": 4, 
  "model": "pack.familymember", 
  "fields": {
    "first_name": "Andrew", 
    "last_name": "Moran", 
    "family": 3, 
    "timestamp": "2013-05-08T06:29:19Z", 
    "is_driver": true, 
    "is_adult": true, 
    "date_of_birth": "2013-05-08", 
    "user": 7
  }
},
{
  "pk": 5, 
  "model": "pack.familymember", 
  "fields": {
    "first_name": "Ari", 
    "last_name": "Vogel", 
    "family": 4, 
    "timestamp": "2013-05-08T06:29:35Z", 
    "is_driver": true, 
    "is_adult": true, 
    "date_of_birth": "2013-05-08", 
    "user": 8
  }
},
{
  "pk": 6, 
  "model": "pack.familymember", 
  "fields": {
    "first_name": "Rodrigo", 
    "last_name": "Munoz", 
    "family": 2, 
    "timestamp": "2013-05-08T06:29:58Z", 
    "is_driver": true, 
    "is_adult": true, 
    "date_of_birth": "2013-05-08", 
    "user": 10
  }
},
{
  "pk": 7, 
  "model": "pack.familymember", 
  "fields": {
    "first_name": "Blank", 
    "last_name": "Man", 
    "family": 1001, 
    "timestamp": "2013-05-08T06:30:48Z", 
    "is_driver": true, 
    "is_adult": true, 
    "date_of_birth": "2013-05-08", 
    "user": 9
  }
},
{
  "pk": 8, 
  "model": "pack.familymember", 
  "fields": {
    "first_name": "Maddie", 
    "last_name": "Thompson", 
    "family": 1, 
    "timestamp": "2013-05-08T07:36:43Z", 
    "is_driver": true, 
    "is_adult": true, 
    "date_of_birth": "2013-05-08", 
    "user": 11
  }
},
{
  "pk": 9, 
  "model": "pack.familymember", 
  "fields": {
    "first_name": "Karen", 
    "last_name": "Vogel", 
    "family": 4, 
    "timestamp": "2013-05-08T07:38:10Z", 
    "is_driver": true, 
    "is_adult": true, 
    "date_of_birth": "2013-05-08", 
    "user": 12
  }
},
{
  "pk": 10, 
  "model": "pack.familymember", 
  "fields": {
    "first_name": "Alice", 
    "last_name": "Moran", 
    "family": 3, 
    "timestamp": "2013-05-08T07:38:46Z", 
    "is_driver": true, 
    "is_adult": true, 
    "date_of_birth": "2013-05-08", 
    "user": 13
  }
},
{
  "pk": 11, 
  "model": "pack.familymember", 
  "fields": {
    "first_name": "Rachel", 
    "last_name": "Munoz", 
    "family": 2, 
    "timestamp": "2013-05-08T07:39:17Z", 
    "is_driver": true, 
    "is_adult": true, 
    "date_of_birth": "2013-05-08", 
    "user": 14
  }
},
{
  "pk": 12, 
  "model": "pack.familymember", 
  "fields": {
    "first_name": "John", 
    "last_name": "Doe", 
    "family": 1000, 
    "timestamp": "2013-05-08T07:40:14Z", 
    "is_driver": true, 
    "is_adult": true, 
    "date_of_birth": "2013-05-08", 
    "user": 15
  }
},
{
  "pk": 13, 
  "model": "pack.familymember", 
  "fields": {
    "first_name": "Jane", 
    "last_name": "Doe", 
    "family": 1000, 
    "timestamp": "2013-05-08T07:40:35Z", 
    "is_driver": true, 
    "is_adult": true, 
    "date_of_birth": "2013-05-08", 
    "user": 16
  }
},
{
  "pk": 2, 
  "model": "pack.schedule", 
  "fields": {
    "timestamp": "2013-05-03T02:10:29Z", 
    "creator": 9, 
    "name": "blank", 
    "description": "blank"
  }
},
{
  "pk": 5, 
  "model": "pack.event", 
  "fields": {
    "name": "Soccer vs Mockingbird", 
    "creator": 2, 
    "timestamp": "2013-05-03T02:22:59.559Z", 
    "schedule": 2, 
    "location": "Oxmoor Fields", 
    "startTime": "2013-05-11T19:00:00Z", 
    "endTime": "2013-05-11T21:30:00Z", 
    "description": "Game with lots of text for description with lots of text for description with lots of text for description with lots of text for description with lots of text for description with lots of text for description with lots of text for description with lots of text for description with lots of text for description with lots of text for description with lots of text for description with lots of text for description with lots of text for description with lots of text for description with lots of text for description with lots of text for description with lots of text for description with lots of text for description with lots of text for description with lots of text for description with lots of text for description with lots of text for description with lots of text for description with lots of text for description with lots of text for description with lots of text for description with lots of text for description with lots of text for description with lots of text for description with lots of text for description with lots of text for description with lots of text for description "
  }
},
{
  "pk": 6, 
  "model": "pack.event", 
  "fields": {
    "name": "Drama Rehearsal", 
    "creator": 2, 
    "timestamp": "2013-05-03T02:23:51.768Z", 
    "schedule": 2, 
    "location": "Kent Theater", 
    "startTime": "2013-05-11T19:00:00Z", 
    "endTime": "2013-05-11T23:00:00Z", 
    "description": "Number 10"
  }
},
{
  "pk": 7, 
  "model": "pack.event", 
  "fields": {
    "name": "Dinner and Movie", 
    "creator": 3, 
    "timestamp": "2013-05-03T02:24:46Z", 
    "schedule": 2, 
    "location": "Springhurst", 
    "startTime": "2013-05-12T00:00:00Z", 
    "endTime": "2013-05-12T04:00:00Z", 
    "description": "Bertucci's then Iron Man 3"
  }
},
{
  "pk": 1, 
  "model": "pack.familyeventdetails", 
  "fields": {
    "child_attendees": [], 
    "attendees": [], 
    "driverFrom": 2, 
    "family": 5, 
    "notes": "These are notes for the Smith family for Andy's Game against Mockingbird", 
    "driverTo": 2, 
    "event": 5
  }
},
{
  "pk": 2, 
  "model": "pack.familyeventdetails", 
  "fields": {
    "child_attendees": [], 
    "attendees": [], 
    "driverFrom": 3, 
    "family": 5, 
    "notes": "notexutfiyfiyfiyfiyfiyf", 
    "driverTo": 3, 
    "event": 6
  }
},
{
  "pk": 3, 
  "model": "pack.familyeventdetails", 
  "fields": {
    "child_attendees": [], 
    "attendees": [], 
    "driverFrom": 3, 
    "family": 5, 
    "notes": "date night", 
    "driverTo": 3, 
    "event": 7
  }
},
{
  "pk": 1, 
  "model": "admin.logentry", 
  "fields": {
    "action_flag": 1, 
    "action_time": "2013-05-03T01:17:20.306Z", 
    "object_repr": "Family object", 
    "object_id": "1", 
    "change_message": "", 
    "user": 1, 
    "content_type": 7
  }
},
{
  "pk": 2, 
  "model": "admin.logentry", 
  "fields": {
    "action_flag": 1, 
    "action_time": "2013-05-03T01:17:35.597Z", 
    "object_repr": "Family object", 
    "object_id": "2", 
    "change_message": "", 
    "user": 1, 
    "content_type": 7
  }
},
{
  "pk": 3, 
  "model": "admin.logentry", 
  "fields": {
    "action_flag": 1, 
    "action_time": "2013-05-03T01:17:46.338Z", 
    "object_repr": "Family object", 
    "object_id": "3", 
    "change_message": "", 
    "user": 1, 
    "content_type": 7
  }
},
{
  "pk": 4, 
  "model": "admin.logentry", 
  "fields": {
    "action_flag": 1, 
    "action_time": "2013-05-03T01:18:33.743Z", 
    "object_repr": "Family object", 
    "object_id": "4", 
    "change_message": "", 
    "user": 1, 
    "content_type": 7
  }
},
{
  "pk": 5, 
  "model": "admin.logentry", 
  "fields": {
    "action_flag": 1, 
    "action_time": "2013-05-03T01:18:39.087Z", 
    "object_repr": "Family object", 
    "object_id": "5", 
    "change_message": "", 
    "user": 1, 
    "content_type": 7
  }
},
{
  "pk": 6, 
  "model": "admin.logentry", 
  "fields": {
    "action_flag": 1, 
    "action_time": "2013-05-03T01:20:02.312Z", 
    "object_repr": "mary", 
    "object_id": "2", 
    "change_message": "", 
    "user": 1, 
    "content_type": 3
  }
},
{
  "pk": 7, 
  "model": "admin.logentry", 
  "fields": {
    "action_flag": 2, 
    "action_time": "2013-05-03T01:20:40.010Z", 
    "object_repr": "mary", 
    "object_id": "2", 
    "change_message": "Changed password, first_name, last_name and email.", 
    "user": 1, 
    "content_type": 3
  }
},
{
  "pk": 8, 
  "model": "admin.logentry", 
  "fields": {
    "action_flag": 1, 
    "action_time": "2013-05-03T01:20:56.113Z", 
    "object_repr": "nick", 
    "object_id": "3", 
    "change_message": "", 
    "user": 1, 
    "content_type": 3
  }
},
{
  "pk": 9, 
  "model": "admin.logentry", 
  "fields": {
    "action_flag": 2, 
    "action_time": "2013-05-03T01:21:35.463Z", 
    "object_repr": "nick", 
    "object_id": "3", 
    "change_message": "Changed password, first_name, last_name and email.", 
    "user": 1, 
    "content_type": 3
  }
},
{
  "pk": 10, 
  "model": "admin.logentry", 
  "fields": {
    "action_flag": 1, 
    "action_time": "2013-05-03T01:22:13.864Z", 
    "object_repr": "andy", 
    "object_id": "4", 
    "change_message": "", 
    "user": 1, 
    "content_type": 3
  }
},
{
  "pk": 11, 
  "model": "admin.logentry", 
  "fields": {
    "action_flag": 2, 
    "action_time": "2013-05-03T01:22:50.904Z", 
    "object_repr": "andy", 
    "object_id": "4", 
    "change_message": "Changed password, first_name, last_name and email.", 
    "user": 1, 
    "content_type": 3
  }
},
{
  "pk": 12, 
  "model": "admin.logentry", 
  "fields": {
    "action_flag": 1, 
    "action_time": "2013-05-03T01:23:05.797Z", 
    "object_repr": "barry", 
    "object_id": "5", 
    "change_message": "", 
    "user": 1, 
    "content_type": 3
  }
},
{
  "pk": 13, 
  "model": "admin.logentry", 
  "fields": {
    "action_flag": 1, 
    "action_time": "2013-05-03T01:23:38.675Z", 
    "object_repr": "christine", 
    "object_id": "6", 
    "change_message": "", 
    "user": 1, 
    "content_type": 3
  }
},
{
  "pk": 14, 
  "model": "admin.logentry", 
  "fields": {
    "action_flag": 2, 
    "action_time": "2013-05-03T01:24:06.105Z", 
    "object_repr": "christine", 
    "object_id": "6", 
    "change_message": "Changed password, first_name, last_name and email.", 
    "user": 1, 
    "content_type": 3
  }
},
{
  "pk": 15, 
  "model": "admin.logentry", 
  "fields": {
    "action_flag": 2, 
    "action_time": "2013-05-03T01:24:29.447Z", 
    "object_repr": "barry", 
    "object_id": "5", 
    "change_message": "Changed password, first_name, last_name and email.", 
    "user": 1, 
    "content_type": 3
  }
},
{
  "pk": 16, 
  "model": "admin.logentry", 
  "fields": {
    "action_flag": 3, 
    "action_time": "2013-05-03T01:25:50.343Z", 
    "object_repr": "andy", 
    "object_id": "4", 
    "change_message": "", 
    "user": 1, 
    "content_type": 3
  }
},
{
  "pk": 17, 
  "model": "admin.logentry", 
  "fields": {
    "action_flag": 3, 
    "action_time": "2013-05-03T01:25:58.660Z", 
    "object_repr": "barry", 
    "object_id": "5", 
    "change_message": "", 
    "user": 1, 
    "content_type": 3
  }
},
{
  "pk": 18, 
  "model": "admin.logentry", 
  "fields": {
    "action_flag": 3, 
    "action_time": "2013-05-03T01:26:07.687Z", 
    "object_repr": "christine", 
    "object_id": "6", 
    "change_message": "", 
    "user": 1, 
    "content_type": 3
  }
},
{
  "pk": 19, 
  "model": "admin.logentry", 
  "fields": {
    "action_flag": 1, 
    "action_time": "2013-05-03T01:27:42.481Z", 
    "object_repr": "FamilyMember object", 
    "object_id": "1", 
    "change_message": "", 
    "user": 1, 
    "content_type": 8
  }
},
{
  "pk": 20, 
  "model": "admin.logentry", 
  "fields": {
    "action_flag": 1, 
    "action_time": "2013-05-03T01:30:58.204Z", 
    "object_repr": "andrew", 
    "object_id": "7", 
    "change_message": "", 
    "user": 1, 
    "content_type": 3
  }
},
{
  "pk": 21, 
  "model": "admin.logentry", 
  "fields": {
    "action_flag": 2, 
    "action_time": "2013-05-03T01:31:17.586Z", 
    "object_repr": "andrew", 
    "object_id": "7", 
    "change_message": "Changed password, first_name, last_name, is_staff and is_superuser.", 
    "user": 1, 
    "content_type": 3
  }
},
{
  "pk": 22, 
  "model": "admin.logentry", 
  "fields": {
    "action_flag": 1, 
    "action_time": "2013-05-03T01:47:01.087Z", 
    "object_repr": "ari", 
    "object_id": "8", 
    "change_message": "", 
    "user": 1, 
    "content_type": 3
  }
},
{
  "pk": 23, 
  "model": "admin.logentry", 
  "fields": {
    "action_flag": 2, 
    "action_time": "2013-05-03T01:47:19.955Z", 
    "object_repr": "ari", 
    "object_id": "8", 
    "change_message": "Changed password, first_name, last_name, is_staff and is_superuser.", 
    "user": 1, 
    "content_type": 3
  }
},
{
  "pk": 24, 
  "model": "admin.logentry", 
  "fields": {
    "action_flag": 2, 
    "action_time": "2013-05-03T02:01:51.783Z", 
    "object_repr": "Mary Smith", 
    "object_id": "1", 
    "change_message": "Changed last_name.", 
    "user": 1, 
    "content_type": 8
  }
},
{
  "pk": 25, 
  "model": "admin.logentry", 
  "fields": {
    "action_flag": 1, 
    "action_time": "2013-05-03T02:02:28.656Z", 
    "object_repr": "Nick Smith", 
    "object_id": "2", 
    "change_message": "", 
    "user": 1, 
    "content_type": 8
  }
},
{
  "pk": 26, 
  "model": "admin.logentry", 
  "fields": {
    "action_flag": 1, 
    "action_time": "2013-05-03T02:04:26.204Z", 
    "object_repr": "blank", 
    "object_id": "9", 
    "change_message": "", 
    "user": 1, 
    "content_type": 3
  }
},
{
  "pk": 27, 
  "model": "admin.logentry", 
  "fields": {
    "action_flag": 1, 
    "action_time": "2013-05-03T02:04:35.064Z", 
    "object_repr": "Andy Smith", 
    "object_id": "3", 
    "change_message": "", 
    "user": 1, 
    "content_type": 8
  }
},
{
  "pk": 28, 
  "model": "admin.logentry", 
  "fields": {
    "action_flag": 1, 
    "action_time": "2013-05-03T02:05:19.509Z", 
    "object_repr": "Barry Smith", 
    "object_id": "4", 
    "change_message": "", 
    "user": 1, 
    "content_type": 8
  }
},
{
  "pk": 29, 
  "model": "admin.logentry", 
  "fields": {
    "action_flag": 1, 
    "action_time": "2013-05-03T02:06:12.369Z", 
    "object_repr": "Christine Smith", 
    "object_id": "5", 
    "change_message": "", 
    "user": 1, 
    "content_type": 8
  }
},
{
  "pk": 30, 
  "model": "admin.logentry", 
  "fields": {
    "action_flag": 1, 
    "action_time": "2013-05-03T02:09:21.287Z", 
    "object_repr": "none", 
    "object_id": "1", 
    "change_message": "", 
    "user": 1, 
    "content_type": 9
  }
},
{
  "pk": 31, 
  "model": "admin.logentry", 
  "fields": {
    "action_flag": 1, 
    "action_time": "2013-05-03T02:10:29.559Z", 
    "object_repr": "blank", 
    "object_id": "2", 
    "change_message": "", 
    "user": 1, 
    "content_type": 9
  }
},
{
  "pk": 32, 
  "model": "admin.logentry", 
  "fields": {
    "action_flag": 1, 
    "action_time": "2013-05-03T02:10:33.187Z", 
    "object_repr": "Soccer vs Mockingbird", 
    "object_id": "2", 
    "change_message": "", 
    "user": 1, 
    "content_type": 11
  }
},
{
  "pk": 33, 
  "model": "admin.logentry", 
  "fields": {
    "action_flag": 1, 
    "action_time": "2013-05-03T02:12:11.901Z", 
    "object_repr": "Drama Rehearsal", 
    "object_id": "3", 
    "change_message": "", 
    "user": 1, 
    "content_type": 11
  }
},
{
  "pk": 34, 
  "model": "admin.logentry", 
  "fields": {
    "action_flag": 1, 
    "action_time": "2013-05-03T02:13:23.064Z", 
    "object_repr": "Dinner and Movie", 
    "object_id": "4", 
    "change_message": "", 
    "user": 1, 
    "content_type": 11
  }
},
{
  "pk": 35, 
  "model": "admin.logentry", 
  "fields": {
    "action_flag": 2, 
    "action_time": "2013-05-03T02:13:38.824Z", 
    "object_repr": "Drama Rehearsal", 
    "object_id": "3", 
    "change_message": "Changed schedule.", 
    "user": 1, 
    "content_type": 11
  }
},
{
  "pk": 36, 
  "model": "admin.logentry", 
  "fields": {
    "action_flag": 2, 
    "action_time": "2013-05-03T02:13:46.903Z", 
    "object_repr": "Soccer vs Mockingbird", 
    "object_id": "2", 
    "change_message": "Changed schedule.", 
    "user": 1, 
    "content_type": 11
  }
},
{
  "pk": 37, 
  "model": "admin.logentry", 
  "fields": {
    "action_flag": 3, 
    "action_time": "2013-05-03T02:14:03.326Z", 
    "object_repr": "none", 
    "object_id": "1", 
    "change_message": "", 
    "user": 1, 
    "content_type": 9
  }
},
{
  "pk": 38, 
  "model": "admin.logentry", 
  "fields": {
    "action_flag": 1, 
    "action_time": "2013-05-03T02:22:59.587Z", 
    "object_repr": "Soccer vs Mockingbird", 
    "object_id": "5", 
    "change_message": "", 
    "user": 1, 
    "content_type": 11
  }
},
{
  "pk": 39, 
  "model": "admin.logentry", 
  "fields": {
    "action_flag": 1, 
    "action_time": "2013-05-03T02:23:51.786Z", 
    "object_repr": "Drama Rehearsal", 
    "object_id": "6", 
    "change_message": "", 
    "user": 1, 
    "content_type": 11
  }
},
{
  "pk": 40, 
  "model": "admin.logentry", 
  "fields": {
    "action_flag": 1, 
    "action_time": "2013-05-03T02:24:46.086Z", 
    "object_repr": "Dinner and Movie", 
    "object_id": "7", 
    "change_message": "", 
    "user": 1, 
    "content_type": 11
  }
},
{
  "pk": 41, 
  "model": "admin.logentry", 
  "fields": {
    "action_flag": 1, 
    "action_time": "2013-05-03T02:25:51.201Z", 
    "object_repr": "Details for Soccer vs Mockingbird Event for the Smith Family", 
    "object_id": "1", 
    "change_message": "", 
    "user": 1, 
    "content_type": 12
  }
},
{
  "pk": 42, 
  "model": "admin.logentry", 
  "fields": {
    "action_flag": 1, 
    "action_time": "2013-05-03T02:26:33.773Z", 
    "object_repr": "Details for Drama Rehearsal Event for the Smith Family", 
    "object_id": "2", 
    "change_message": "", 
    "user": 1, 
    "content_type": 12
  }
},
{
  "pk": 43, 
  "model": "admin.logentry", 
  "fields": {
    "action_flag": 1, 
    "action_time": "2013-05-03T02:27:36.447Z", 
    "object_repr": "Details for Dinner and Movie Event for the Smith Family", 
    "object_id": "3", 
    "change_message": "", 
    "user": 1, 
    "content_type": 12
  }
},
{
  "pk": 44, 
  "model": "admin.logentry", 
  "fields": {
    "action_flag": 1, 
    "action_time": "2013-05-03T16:23:34.460Z", 
    "object_repr": "rodrigo", 
    "object_id": "10", 
    "change_message": "", 
    "user": 1, 
    "content_type": 3
  }
},
{
  "pk": 45, 
  "model": "admin.logentry", 
  "fields": {
    "action_flag": 2, 
    "action_time": "2013-05-03T16:23:57.494Z", 
    "object_repr": "rodrigo", 
    "object_id": "10", 
    "change_message": "Changed password, first_name, last_name, is_staff and is_superuser.", 
    "user": 1, 
    "content_type": 3
  }
},
{
  "pk": 46, 
  "model": "admin.logentry", 
  "fields": {
    "action_flag": 3, 
    "action_time": "2013-05-08T05:02:40.996Z", 
    "object_repr": "Andy Smith", 
    "object_id": "3", 
    "change_message": "", 
    "user": 1, 
    "content_type": 8
  }
},
{
  "pk": 47, 
  "model": "admin.logentry", 
  "fields": {
    "action_flag": 3, 
    "action_time": "2013-05-08T05:02:41.059Z", 
    "object_repr": "Nick Smith", 
    "object_id": "2", 
    "change_message": "", 
    "user": 1, 
    "content_type": 8
  }
},
{
  "pk": 48, 
  "model": "admin.logentry", 
  "fields": {
    "action_flag": 3, 
    "action_time": "2013-05-08T05:02:41.120Z", 
    "object_repr": "Mary Smith", 
    "object_id": "1", 
    "change_message": "", 
    "user": 1, 
    "content_type": 8
  }
},
{
  "pk": 49, 
  "model": "admin.logentry", 
  "fields": {
    "action_flag": 3, 
    "action_time": "2013-05-08T05:02:55.792Z", 
    "object_repr": "Christine Smith", 
    "object_id": "5", 
    "change_message": "", 
    "user": 1, 
    "content_type": 8
  }
},
{
  "pk": 50, 
  "model": "admin.logentry", 
  "fields": {
    "action_flag": 3, 
    "action_time": "2013-05-08T05:02:55.828Z", 
    "object_repr": "Barry Smith", 
    "object_id": "4", 
    "change_message": "", 
    "user": 1, 
    "content_type": 8
  }
},
{
  "pk": 51, 
  "model": "admin.logentry", 
  "fields": {
    "action_flag": 2, 
    "action_time": "2013-05-08T05:05:01.230Z", 
    "object_repr": "blank", 
    "object_id": "2", 
    "change_message": "No fields changed.", 
    "user": 1, 
    "content_type": 9
  }
},
{
  "pk": 52, 
  "model": "admin.logentry", 
  "fields": {
    "action_flag": 2, 
    "action_time": "2013-05-08T05:22:59.571Z", 
    "object_repr": "Dinner and Movie", 
    "object_id": "7", 
    "change_message": "No fields changed.", 
    "user": 1, 
    "content_type": 11
  }
},
{
  "pk": 53, 
  "model": "admin.logentry", 
  "fields": {
    "action_flag": 2, 
    "action_time": "2013-05-08T05:25:44.772Z", 
    "object_repr": "Dinner and Movie", 
    "object_id": "7", 
    "change_message": "No fields changed.", 
    "user": 1, 
    "content_type": 11
  }
},
{
  "pk": 54, 
  "model": "admin.logentry", 
  "fields": {
    "action_flag": 1, 
    "action_time": "2013-05-08T05:28:12.346Z", 
    "object_repr": "Preston Thompson", 
    "object_id": "1", 
    "change_message": "", 
    "user": 1, 
    "content_type": 8
  }
},
{
  "pk": 55, 
  "model": "admin.logentry", 
  "fields": {
    "action_flag": 1, 
    "action_time": "2013-05-08T05:28:43.043Z", 
    "object_repr": "Mary Smith", 
    "object_id": "2", 
    "change_message": "", 
    "user": 1, 
    "content_type": 8
  }
},
{
  "pk": 56, 
  "model": "admin.logentry", 
  "fields": {
    "action_flag": 1, 
    "action_time": "2013-05-08T05:29:05.832Z", 
    "object_repr": "Nick Smith", 
    "object_id": "3", 
    "change_message": "", 
    "user": 1, 
    "content_type": 8
  }
},
{
  "pk": 57, 
  "model": "admin.logentry", 
  "fields": {
    "action_flag": 1, 
    "action_time": "2013-05-08T05:29:24.725Z", 
    "object_repr": "Andrew Moran", 
    "object_id": "4", 
    "change_message": "", 
    "user": 1, 
    "content_type": 8
  }
},
{
  "pk": 58, 
  "model": "admin.logentry", 
  "fields": {
    "action_flag": 1, 
    "action_time": "2013-05-08T05:29:43.485Z", 
    "object_repr": "Ari Vogel", 
    "object_id": "5", 
    "change_message": "", 
    "user": 1, 
    "content_type": 8
  }
},
{
  "pk": 59, 
  "model": "admin.logentry", 
  "fields": {
    "action_flag": 1, 
    "action_time": "2013-05-08T05:30:03.230Z", 
    "object_repr": "Rodrigo Munoz", 
    "object_id": "6", 
    "change_message": "", 
    "user": 1, 
    "content_type": 8
  }
},
{
  "pk": 60, 
  "model": "admin.logentry", 
  "fields": {
    "action_flag": 1, 
    "action_time": "2013-05-08T05:31:45.809Z", 
    "object_repr": "Blank Family", 
    "object_id": "1001", 
    "change_message": "", 
    "user": 1, 
    "content_type": 7
  }
},
{
  "pk": 61, 
  "model": "admin.logentry", 
  "fields": {
    "action_flag": 1, 
    "action_time": "2013-05-08T05:31:51.768Z", 
    "object_repr": "Blank Man", 
    "object_id": "7", 
    "change_message": "", 
    "user": 1, 
    "content_type": 8
  }
},
{
  "pk": 62, 
  "model": "admin.logentry", 
  "fields": {
    "action_flag": 1, 
    "action_time": "2013-05-08T06:13:50.287Z", 
    "object_repr": "Child object", 
    "object_id": "1", 
    "change_message": "", 
    "user": 1, 
    "content_type": 15
  }
},
{
  "pk": 63, 
  "model": "admin.logentry", 
  "fields": {
    "action_flag": 1, 
    "action_time": "2013-05-08T06:14:15.519Z", 
    "object_repr": "Child object", 
    "object_id": "2", 
    "change_message": "", 
    "user": 1, 
    "content_type": 15
  }
},
{
  "pk": 64, 
  "model": "admin.logentry", 
  "fields": {
    "action_flag": 1, 
    "action_time": "2013-05-08T06:15:27.170Z", 
    "object_repr": "Christine Smith", 
    "object_id": "3", 
    "change_message": "", 
    "user": 1, 
    "content_type": 15
  }
},
{
  "pk": 65, 
  "model": "admin.logentry", 
  "fields": {
    "action_flag": 1, 
    "action_time": "2013-05-08T06:15:27.354Z", 
    "object_repr": "Christine Smith", 
    "object_id": "4", 
    "change_message": "", 
    "user": 1, 
    "content_type": 15
  }
},
{
  "pk": 66, 
  "model": "admin.logentry", 
  "fields": {
    "action_flag": 3, 
    "action_time": "2013-05-08T06:15:37.898Z", 
    "object_repr": "Christine Smith", 
    "object_id": "4", 
    "change_message": "", 
    "user": 1, 
    "content_type": 15
  }
},
{
  "pk": 67, 
  "model": "admin.logentry", 
  "fields": {
    "action_flag": 2, 
    "action_time": "2013-05-08T06:18:15.344Z", 
    "object_repr": "Smith Family", 
    "object_id": "5", 
    "change_message": "Changed address_line_1, address_line_2, address_city, address_state, address_zip_code, phone_number and contacts.", 
    "user": 1, 
    "content_type": 7
  }
},
{
  "pk": 68, 
  "model": "admin.logentry", 
  "fields": {
    "action_flag": 2, 
    "action_time": "2013-05-08T06:18:55.785Z", 
    "object_repr": "Smith Family", 
    "object_id": "5", 
    "change_message": "No fields changed.", 
    "user": 1, 
    "content_type": 7
  }
},
{
  "pk": 69, 
  "model": "admin.logentry", 
  "fields": {
    "action_flag": 2, 
    "action_time": "2013-05-08T06:19:39.478Z", 
    "object_repr": "Doe Family", 
    "object_id": "1000", 
    "change_message": "Changed address_line_1, address_line_2, address_city, address_state, address_zip_code and phone_number.", 
    "user": 1, 
    "content_type": 7
  }
},
{
  "pk": 70, 
  "model": "admin.logentry", 
  "fields": {
    "action_flag": 2, 
    "action_time": "2013-05-08T06:20:00.349Z", 
    "object_repr": "Blank Family", 
    "object_id": "1001", 
    "change_message": "No fields changed.", 
    "user": 1, 
    "content_type": 7
  }
},
{
  "pk": 71, 
  "model": "admin.logentry", 
  "fields": {
    "action_flag": 2, 
    "action_time": "2013-05-08T06:20:56.951Z", 
    "object_repr": "Vogel Family", 
    "object_id": "4", 
    "change_message": "Changed address_line_1, address_line_2, address_city, address_state, address_zip_code, phone_number and contacts.", 
    "user": 1, 
    "content_type": 7
  }
},
{
  "pk": 72, 
  "model": "admin.logentry", 
  "fields": {
    "action_flag": 2, 
    "action_time": "2013-05-08T06:21:45.446Z", 
    "object_repr": "Moran Family", 
    "object_id": "3", 
    "change_message": "Changed address_line_1, address_line_2, address_city, address_state, address_zip_code and phone_number.", 
    "user": 1, 
    "content_type": 7
  }
},
{
  "pk": 73, 
  "model": "admin.logentry", 
  "fields": {
    "action_flag": 2, 
    "action_time": "2013-05-08T06:22:31.253Z", 
    "object_repr": "Munoz Family", 
    "object_id": "2", 
    "change_message": "Changed address_line_1, address_line_2, address_city, address_state, address_zip_code and phone_number.", 
    "user": 1, 
    "content_type": 7
  }
},
{
  "pk": 74, 
  "model": "admin.logentry", 
  "fields": {
    "action_flag": 2, 
    "action_time": "2013-05-08T06:23:15.504Z", 
    "object_repr": "Thompson Family", 
    "object_id": "1", 
    "change_message": "Changed address_line_1, address_line_2, address_city, address_state, address_zip_code, phone_number and contacts.", 
    "user": 1, 
    "content_type": 7
  }
},
{
  "pk": 75, 
  "model": "admin.logentry", 
  "fields": {
    "action_flag": 1, 
    "action_time": "2013-05-08T06:37:32.088Z", 
    "object_repr": "maddie", 
    "object_id": "11", 
    "change_message": "", 
    "user": 1, 
    "content_type": 3
  }
},
{
  "pk": 76, 
  "model": "admin.logentry", 
  "fields": {
    "action_flag": 1, 
    "action_time": "2013-05-08T06:37:39.530Z", 
    "object_repr": "Maddie Thompson", 
    "object_id": "8", 
    "change_message": "", 
    "user": 1, 
    "content_type": 8
  }
},
{
  "pk": 77, 
  "model": "admin.logentry", 
  "fields": {
    "action_flag": 1, 
    "action_time": "2013-05-08T06:38:02.422Z", 
    "object_repr": "karen", 
    "object_id": "12", 
    "change_message": "", 
    "user": 1, 
    "content_type": 3
  }
},
{
  "pk": 78, 
  "model": "admin.logentry", 
  "fields": {
    "action_flag": 1, 
    "action_time": "2013-05-08T06:38:17.073Z", 
    "object_repr": "Karen Vogel", 
    "object_id": "9", 
    "change_message": "", 
    "user": 1, 
    "content_type": 8
  }
},
{
  "pk": 79, 
  "model": "admin.logentry", 
  "fields": {
    "action_flag": 1, 
    "action_time": "2013-05-08T06:38:33.724Z", 
    "object_repr": "alice", 
    "object_id": "13", 
    "change_message": "", 
    "user": 1, 
    "content_type": 3
  }
},
{
  "pk": 80, 
  "model": "admin.logentry", 
  "fields": {
    "action_flag": 1, 
    "action_time": "2013-05-08T06:38:52.074Z", 
    "object_repr": "Alice Moran", 
    "object_id": "10", 
    "change_message": "", 
    "user": 1, 
    "content_type": 8
  }
},
{
  "pk": 81, 
  "model": "admin.logentry", 
  "fields": {
    "action_flag": 1, 
    "action_time": "2013-05-08T06:39:09.145Z", 
    "object_repr": "rachel", 
    "object_id": "14", 
    "change_message": "", 
    "user": 1, 
    "content_type": 3
  }
},
{
  "pk": 82, 
  "model": "admin.logentry", 
  "fields": {
    "action_flag": 1, 
    "action_time": "2013-05-08T06:39:40.496Z", 
    "object_repr": "Rachel Munoz", 
    "object_id": "11", 
    "change_message": "", 
    "user": 1, 
    "content_type": 8
  }
},
{
  "pk": 83, 
  "model": "admin.logentry", 
  "fields": {
    "action_flag": 1, 
    "action_time": "2013-05-08T06:40:11.445Z", 
    "object_repr": "john", 
    "object_id": "15", 
    "change_message": "", 
    "user": 1, 
    "content_type": 3
  }
},
{
  "pk": 84, 
  "model": "admin.logentry", 
  "fields": {
    "action_flag": 1, 
    "action_time": "2013-05-08T06:40:18.916Z", 
    "object_repr": "John Doe", 
    "object_id": "12", 
    "change_message": "", 
    "user": 1, 
    "content_type": 8
  }
},
{
  "pk": 85, 
  "model": "admin.logentry", 
  "fields": {
    "action_flag": 1, 
    "action_time": "2013-05-08T06:40:29.032Z", 
    "object_repr": "jane", 
    "object_id": "16", 
    "change_message": "", 
    "user": 1, 
    "content_type": 3
  }
},
{
  "pk": 86, 
  "model": "admin.logentry", 
  "fields": {
    "action_flag": 1, 
    "action_time": "2013-05-08T06:40:41.315Z", 
    "object_repr": "Jane Doe", 
    "object_id": "13", 
    "change_message": "", 
    "user": 1, 
    "content_type": 8
  }
},
{
  "pk": 87, 
  "model": "admin.logentry", 
  "fields": {
    "action_flag": 1, 
    "action_time": "2013-05-08T06:41:14.104Z", 
    "object_repr": "Alex Doe", 
    "object_id": "5", 
    "change_message": "", 
    "user": 1, 
    "content_type": 15
  }
},
{
  "pk": 88, 
  "model": "admin.logentry", 
  "fields": {
    "action_flag": 1, 
    "action_time": "2013-05-08T06:41:28.249Z", 
    "object_repr": "Meredith Doe", 
    "object_id": "6", 
    "change_message": "", 
    "user": 1, 
    "content_type": 15
  }
},
{
  "pk": 89, 
  "model": "admin.logentry", 
  "fields": {
    "action_flag": 1, 
    "action_time": "2013-05-08T06:41:46.403Z", 
    "object_repr": "April Thompson", 
    "object_id": "7", 
    "change_message": "", 
    "user": 1, 
    "content_type": 15
  }
},
{
  "pk": 90, 
  "model": "admin.logentry", 
  "fields": {
    "action_flag": 1, 
    "action_time": "2013-05-08T06:41:55.416Z", 
    "object_repr": "Jason Thompson", 
    "object_id": "8", 
    "change_message": "", 
    "user": 1, 
    "content_type": 15
  }
},
{
  "pk": 91, 
  "model": "admin.logentry", 
  "fields": {
    "action_flag": 1, 
    "action_time": "2013-05-08T06:42:10.468Z", 
    "object_repr": "Jared Thompson", 
    "object_id": "9", 
    "change_message": "", 
    "user": 1, 
    "content_type": 15
  }
},
{
  "pk": 92, 
  "model": "admin.logentry", 
  "fields": {
    "action_flag": 1, 
    "action_time": "2013-05-08T06:42:22.580Z", 
    "object_repr": "Sarah Vogel", 
    "object_id": "10", 
    "change_message": "", 
    "user": 1, 
    "content_type": 15
  }
},
{
  "pk": 93, 
  "model": "admin.logentry", 
  "fields": {
    "action_flag": 1, 
    "action_time": "2013-05-08T06:42:31.726Z", 
    "object_repr": "Alex Moran", 
    "object_id": "11", 
    "change_message": "", 
    "user": 1, 
    "content_type": 15
  }
},
{
  "pk": 94, 
  "model": "admin.logentry", 
  "fields": {
    "action_flag": 1, 
    "action_time": "2013-05-08T06:42:40.326Z", 
    "object_repr": "Thad Moran", 
    "object_id": "12", 
    "change_message": "", 
    "user": 1, 
    "content_type": 15
  }
},
{
  "pk": 95, 
  "model": "admin.logentry", 
  "fields": {
    "action_flag": 1, 
    "action_time": "2013-05-08T06:43:16.061Z", 
    "object_repr": "Juan Munoz", 
    "object_id": "13", 
    "change_message": "", 
    "user": 1, 
    "content_type": 15
  }
},
{
  "pk": 96, 
  "model": "admin.logentry", 
  "fields": {
    "action_flag": 1, 
    "action_time": "2013-05-08T06:43:23.724Z", 
    "object_repr": "Jorge Munoz", 
    "object_id": "14", 
    "change_message": "", 
    "user": 1, 
    "content_type": 15
  }
},
{
  "pk": 97, 
  "model": "admin.logentry", 
  "fields": {
    "action_flag": 1, 
    "action_time": "2013-05-08T06:43:46.684Z", 
    "object_repr": "Pedro Munoz", 
    "object_id": "15", 
    "change_message": "", 
    "user": 1, 
    "content_type": 15
  }
},
{
  "pk": 98, 
  "model": "admin.logentry", 
  "fields": {
    "action_flag": 1, 
    "action_time": "2013-05-08T06:48:41.492Z", 
    "object_repr": "Jess Vogel", 
    "object_id": "16", 
    "change_message": "", 
    "user": 1, 
    "content_type": 15
  }
},
{
  "pk": 99, 
  "model": "admin.logentry", 
  "fields": {
    "action_flag": 1, 
    "action_time": "2013-05-08T06:49:02.563Z", 
    "object_repr": "Lauren Vogel", 
    "object_id": "17", 
    "change_message": "", 
    "user": 1, 
    "content_type": 15
  }
},
{
  "pk": 100, 
  "model": "admin.logentry", 
  "fields": {
    "action_flag": 1, 
    "action_time": "2013-05-08T07:11:45.932Z", 
    "object_repr": "Message object", 
    "object_id": "1", 
    "change_message": "", 
    "user": 1, 
    "content_type": 16
  }
},
{
  "pk": 101, 
  "model": "admin.logentry", 
  "fields": {
    "action_flag": 1, 
    "action_time": "2013-05-08T07:20:50.278Z", 
    "object_repr": "\"Re: Help Driving to Daisy's Bday Party\" from Doe Family to Smith Family", 
    "object_id": "2", 
    "change_message": "", 
    "user": 1, 
    "content_type": 16
  }
},
{
  "pk": 102, 
  "model": "admin.logentry", 
  "fields": {
    "action_flag": 2, 
    "action_time": "2013-05-08T11:06:34.072Z", 
    "object_repr": "Dinner and Movie", 
    "object_id": "7", 
    "change_message": "Changed startTime and endTime.", 
    "user": 1, 
    "content_type": 11
  }
},
{
  "pk": 103, 
  "model": "admin.logentry", 
  "fields": {
    "action_flag": 2, 
    "action_time": "2013-05-08T11:07:46.437Z", 
    "object_repr": "Dinner and Movie", 
    "object_id": "7", 
    "change_message": "Changed startTime and endTime.", 
    "user": 1, 
    "content_type": 11
  }
},
{
  "pk": 104, 
  "model": "admin.logentry", 
  "fields": {
    "action_flag": 2, 
    "action_time": "2013-05-08T11:27:58.185Z", 
    "object_repr": "Moran Family", 
    "object_id": "3", 
    "change_message": "Changed address_city.", 
    "user": 7, 
    "content_type": 7
  }
}
]
